,time1,CH1,CH2,CH3,CH23,time_step,time_delay,I_base,I_step
0,4.0,-12.525000000000002,-0.034999999999999,-0.087499999999999,0.052499999999999,2.0,1000.0,1.0,90.0
1,6.000000000000001,-12.7675,0.012499999999999001,-0.052499999999999,0.064999999999999,2.0,1000.0,1.0,90.0
2,8.0,-12.9025,-0.034999999999999,-0.107499999999999,0.07250000000000001,2.0,1000.0,1.0,90.0
3,10.0,-13.265000000000002,0.3975,0.32499999999999896,0.07250000000000001,2.0,1000.0,1.0,90.0
4,12.000000000000002,-12.4475,-0.125,-0.159999999999999,0.034999999999999,2.0,1000.0,1.0,90.0
5,14.0,-12.735000000000001,0.08499999999999899,0.024999999999999,0.06,2.0,1000.0,1.0,90.0
6,16.0,-12.640000000000002,0.034999999999999,-0.024999999999999,0.059999999999999006,2.0,1000.0,1.0,90.0
7,18.0,-12.74,0.042499999999999,-0.0075,0.05,2.0,1000.0,1.0,90.0
8,20.0,-12.8675,0.09,0.022499999999999,0.0675,2.0,1000.0,1.0,90.0
9,22.0,-12.565000000000001,0.03,-0.022499999999999,0.052499999999999,2.0,1000.0,1.0,90.0
10,24.000000000000004,-12.807500000000005,0.015,-0.034999999999999,0.05,2.0,1000.0,1.0,90.0
11,26.0,-12.800000000000002,-0.022499999999999,-0.07,0.0475,2.0,1000.0,1.0,90.0
12,28.000000000000004,-12.74,0.022499999999999,-0.03,0.052499999999999,2.0,1000.0,1.0,90.0
13,30.0,-12.509999999999998,-0.03,-0.0825,0.052499999999999,2.0,1000.0,1.0,90.0
14,32.0,-12.397499999999999,-0.057499999999999,-0.107499999999999,0.05,2.0,1000.0,1.0,90.0
15,34.0,-12.385000000000002,-0.107499999999999,-0.165,0.057499999999999996,2.0,1000.0,1.0,90.0
16,36.0,-12.295,-0.117499999999999,-0.155,0.0375,2.0,1000.0,1.0,90.0
17,38.0,-12.647500000000004,0.057499999999999996,-0.02,0.0775,2.0,1000.0,1.0,90.0
18,40.0,-12.79,0.0175,-0.022499999999999,0.04,2.0,1000.0,1.0,90.0
19,42.0,-13.022499999999999,0.054999999999999,0.0175,0.037499999999999,2.0,1000.0,1.0,90.0
20,44.0,-12.7675,-0.004999999999999,-0.052499999999999,0.0475,2.0,1000.0,1.0,90.0
21,46.00000000000001,-12.5475,-0.0,-0.044999999999999,0.044999999999999,2.0,1000.0,1.0,90.0
22,48.00000000000001,-13.252500000000005,0.169999999999999,0.09749999999999899,0.07250000000000001,2.0,1000.0,1.0,90.0
23,50.0,-13.155,0.252499999999999,0.21499999999999997,0.037499999999999,2.0,1000.0,1.0,90.0
24,52.0,-12.742500000000001,0.042499999999999,0.002499999999999,0.04,2.0,1000.0,1.0,90.0
25,54.0,-12.5475,-0.09,-0.14250000000000002,0.052499999999999,2.0,1000.0,1.0,90.0
26,56.00000000000001,-12.8425,0.054999999999999,-0.012499999999999001,0.067499999999999,2.0,1000.0,1.0,90.0
27,58.00000000000001,-12.400000000000002,-0.117499999999999,-0.18249999999999902,0.064999999999999,2.0,1000.0,1.0,90.0
28,60.0,-12.5975,-0.034999999999999,-0.077499999999999,0.042499999999999,2.0,1000.0,1.0,90.0
29,62.0,-12.695,-0.027499999999999997,-0.08,0.052499999999999,2.0,1000.0,1.0,90.0
30,64.0,-12.77,0.09749999999999899,0.04,0.057499999999999,2.0,1000.0,1.0,90.0
31,66.0,-12.77,0.042499999999999,-0.022499999999999,0.064999999999999,2.0,1000.0,1.0,90.0
32,68.0,-12.2275,-0.014999999999999,-0.064999999999999,0.05,2.0,1000.0,1.0,90.0
33,70.0,-12.450000000000001,0.0075,-0.07,0.0775,2.0,1000.0,1.0,90.0
34,72.0,-12.655000000000003,-0.052499999999999,-0.109999999999999,0.057499999999999,2.0,1000.0,1.0,90.0
35,74.0,-12.682500000000001,0.07,-0.004999999999999,0.074999999999999,2.0,1000.0,1.0,90.0
36,76.0,-12.695,-0.034999999999999,-0.077499999999999,0.042499999999999,2.0,1000.0,1.0,90.0
37,78.0,-12.4025,-0.07,-0.127499999999999,0.057499999999999,2.0,1000.0,1.0,90.0
38,80.0,-12.615,-0.024999999999999,-0.08499999999999899,0.06,2.0,1000.0,1.0,90.0
39,82.00000000000001,-12.517499999999998,0.02,-0.02,0.04,2.0,1000.0,1.0,90.0
40,84.0,-12.612500000000002,-0.0375,-0.09499999999999899,0.057499999999999,2.0,1000.0,1.0,90.0
41,86.0,-12.6375,-0.0175,-0.06,0.042499999999999,2.0,1000.0,1.0,90.0
42,88.0,-12.665,0.064999999999999,0.015,0.049999999999999004,2.0,1000.0,1.0,90.0
43,90.0,-12.5275,-0.064999999999999,-0.1225,0.057499999999999996,2.0,1000.0,1.0,90.0
44,92.0,-11.91,-0.45499999999999996,-0.5225,0.067499999999999,2.0,1000.0,1.0,90.0
45,94.0,-12.72,0.08499999999999899,0.042499999999999,0.042499999999999,2.0,1000.0,1.0,90.0
46,96.0,-12.4925,-0.08,-0.125,0.044999999999999,2.0,1000.0,1.0,90.0
47,98.0,-12.315000000000005,0.08499999999999899,0.0375,0.047499999999999,2.0,1000.0,1.0,90.0
48,100.0,-12.7075,0.054999999999999,0.002499999999999,0.052499999999999,2.0,1000.0,1.0,90.0
49,102.0,-12.490000000000002,-0.109999999999999,-0.1525,0.0425,2.0,1000.0,1.0,90.0
50,104.0,-12.645,0.0925,0.0375,0.054999999999999,2.0,1000.0,1.0,90.0
51,106.0,-12.88,0.0175,-0.03,0.0475,2.0,1000.0,1.0,90.0
52,108.0,-13.097500000000002,0.13749999999999898,0.10250000000000001,0.034999999999999,2.0,1000.0,1.0,90.0
53,110.0,-12.480000000000002,-0.04,-0.08499999999999899,0.044999999999999,2.0,1000.0,1.0,90.0
54,112.0,-12.715,0.074999999999999,0.024999999999999,0.05,2.0,1000.0,1.0,90.0
55,114.0,-12.712500000000002,0.05,-0.0075,0.057499999999999996,2.0,1000.0,1.0,90.0
56,116.0,-12.425,-0.032499999999999,-0.08,0.0475,2.0,1000.0,1.0,90.0
57,118.0,-11.807500000000001,-0.1875,-0.20500000000000002,0.0175,2.0,1000.0,1.0,90.0
58,120.0,-12.84,0.024999999999999,-0.01,0.034999999999999,2.0,1000.0,1.0,90.0
59,122.0,-12.642500000000002,0.05,-0.002499999999999,0.052499999999999,2.0,1000.0,1.0,90.0
60,124.0,-12.825,-0.0,-0.047499999999999,0.047499999999999,2.0,1000.0,1.0,90.0
61,126.0,-12.5675,-0.077499999999999,-0.1225,0.045,2.0,1000.0,1.0,90.0
62,128.0,-12.515,0.012499999999999001,-0.0175,0.03,2.0,1000.0,1.0,90.0
63,130.0,-12.742500000000001,-0.022499999999999,-0.07,0.0475,2.0,1000.0,1.0,90.0
64,132.0,-12.642500000000002,0.057499999999999996,0.012499999999999001,0.045,2.0,1000.0,1.0,90.0
65,134.0,-12.775,-0.024999999999999,-0.08,0.05499999999999999,2.0,1000.0,1.0,90.0
66,136.0,-12.5975,-0.1225,-0.157499999999999,0.034999999999999,2.0,1000.0,1.0,90.0
67,138.0,-12.677500000000002,-0.1,-0.149999999999999,0.049999999999999004,2.0,1000.0,1.0,90.0
68,140.0,-12.675,-0.0175,-0.064999999999999,0.047499999999999,2.0,1000.0,1.0,90.0
69,142.0,-12.982499999999998,0.125,0.08,0.044999999999999,2.0,1000.0,1.0,90.0
70,144.0,-12.6075,-0.07250000000000001,-0.1225,0.05,2.0,1000.0,1.0,90.0
71,146.0,-12.629999999999999,0.052499999999999,-0.0075,0.06,2.0,1000.0,1.0,90.0
72,148.0,-12.307500000000003,-0.22749999999999998,-0.2775,0.05,2.0,1000.0,1.0,90.0
73,150.0,-12.497499999999999,-0.147499999999999,-0.185,0.0375,2.0,1000.0,1.0,90.0
74,152.0,-12.54,-0.032499999999999,-0.077499999999999,0.044999999999999,2.0,1000.0,1.0,90.0
75,154.0,-12.7375,-0.04,-0.107499999999999,0.067499999999999,2.0,1000.0,1.0,90.0
76,156.0,-12.649999999999999,-0.032499999999999,-0.067499999999999,0.034999999999999,2.0,1000.0,1.0,90.0
77,158.0,-12.742500000000001,0.042499999999999,-0.0175,0.06,2.0,1000.0,1.0,90.0
78,160.0,-12.695,-0.05,-0.11249999999999999,0.0625,2.0,1000.0,1.0,90.0
79,162.0,-12.455,-0.087499999999999,-0.135,0.0475,2.0,1000.0,1.0,90.0
80,164.00000000000003,-12.5975,-0.087499999999999,-0.135,0.0475,2.0,1000.0,1.0,90.0
81,166.0,-12.569999999999999,-0.044999999999999,-0.0625,0.0175,2.0,1000.0,1.0,90.0
82,168.0,-12.669999999999998,-0.012499999999999001,-0.0925,0.08,2.0,1000.0,1.0,90.0
83,170.0,-12.5575,0.09499999999999899,0.057499999999999996,0.037499999999999,2.0,1000.0,1.0,90.0
84,172.0,-12.752500000000001,0.09499999999999899,0.042499999999999,0.052499999999999,2.0,1000.0,1.0,90.0
85,174.00000000000003,-12.280000000000001,-0.185,-0.23249999999999899,0.047499999999999,2.0,1000.0,1.0,90.0
86,176.0,-12.585,-0.129999999999999,-0.1525,0.0225,2.0,1000.0,1.0,90.0
87,178.0,-12.85,0.22499999999999998,0.165,0.06,2.0,1000.0,1.0,90.0
88,180.0,-12.495000000000005,-0.074999999999999,-0.09499999999999899,0.02,2.0,1000.0,1.0,90.0
89,182.0,-12.4075,-0.1,-0.1775,0.077499999999999,2.0,1000.0,1.0,90.0
90,184.0,-12.5425,0.032499999999999,-0.0375,0.07,2.0,1000.0,1.0,90.0
91,186.0,-12.882499999999999,0.10250000000000001,0.057499999999999996,0.044999999999999,2.0,1000.0,1.0,90.0
92,188.0,-13.122499999999999,0.235,0.1925,0.042499999999999,2.0,1000.0,1.0,90.0
93,190.0,-12.822499999999998,0.034999999999999,-0.0075,0.042499999999999,2.0,1000.0,1.0,90.0
94,192.00000000000003,-12.677500000000002,0.07250000000000001,0.034999999999999,0.0375,2.0,1000.0,1.0,90.0
95,194.0,-12.5975,0.44499999999999995,0.3975,0.0475,2.0,1000.0,1.0,90.0
96,196.0,-12.777500000000002,0.65,0.53,0.119999999999999,2.0,1000.0,1.0,90.0
97,198.0,-12.5225,0.645,0.492499999999999,0.1525,2.0,1000.0,1.0,90.0
98,200.0,-12.5125,0.8425,0.67,0.17250000000000001,2.0,1000.0,1.0,90.0
99,202.00000000000003,-12.85,0.9550000000000001,0.74,0.21499999999999997,2.0,1000.0,1.0,90.0
100,204.0,-12.752500000000001,1.0425,0.8225,0.21999999999999997,2.0,1000.0,1.0,90.0
101,206.0,-12.517499999999998,1.1,0.8400000000000001,0.26,2.0,1000.0,1.0,90.0
102,208.0,-12.355,1.32,1.025,0.295,2.0,1000.0,1.0,90.0
103,210.0,-12.532499999999999,1.545,1.2175,0.32749999999999896,2.0,1000.0,1.0,90.0
104,212.00000000000003,-12.552500000000002,1.6225,1.2725,0.35000000000000003,2.0,1000.0,1.0,90.0
105,214.0,-12.792500000000002,1.9525000000000001,1.58,0.3725,2.0,1000.0,1.0,90.0
106,216.0,-12.595,2.0125,1.595,0.41750000000000004,2.0,1000.0,1.0,90.0
107,218.0,-12.455,1.8900000000000001,1.4549999999999998,0.43499999999999994,2.0,1000.0,1.0,90.0
108,220.0,-12.635000000000002,2.1025,1.6800000000000002,0.42250000000000004,2.0,1000.0,1.0,90.0
109,222.00000000000003,-12.6725,2.045,1.6125,0.4325,2.0,1000.0,1.0,90.0
110,224.0,-12.7375,2.0975,1.6500000000000001,0.4475,2.0,1000.0,1.0,90.0
111,226.0,-12.620000000000003,2.265,1.8074999999999999,0.4575,2.0,1000.0,1.0,90.0
112,228.0,-12.549999999999999,2.0725,1.605,0.467499999999999,2.0,1000.0,1.0,90.0
113,230.0,-12.53,2.215,1.7574999999999998,0.457499999999999,2.0,1000.0,1.0,90.0
114,232.00000000000003,-12.635000000000002,2.2,1.7325,0.4675,2.0,1000.0,1.0,90.0
115,234.0,-12.53,2.155,1.6500000000000001,0.505,2.0,1000.0,1.0,90.0
116,236.0,-12.7075,2.2925,1.8225,0.46999999999999903,2.0,1000.0,1.0,90.0
117,238.0,-12.400000000000002,2.265,1.7825,0.48250000000000004,2.0,1000.0,1.0,90.0
118,240.0,-12.4275,2.205,1.7125000000000001,0.49250000000000005,2.0,1000.0,1.0,90.0
119,242.00000000000003,-12.480000000000002,2.25,1.765,0.484999999999999,2.0,1000.0,1.0,90.0
120,244.0,-12.677500000000002,2.2525,1.7874999999999999,0.464999999999999,2.0,1000.0,1.0,90.0
121,246.0,-12.325,2.215,1.7175000000000002,0.497499999999999,2.0,1000.0,1.0,90.0
122,248.0,-12.675,2.295,1.8074999999999999,0.487499999999999,2.0,1000.0,1.0,90.0
123,250.0,-12.6675,2.2800000000000002,1.7725,0.5075000000000001,2.0,1000.0,1.0,90.0
124,252.00000000000003,-12.7225,2.355,1.855,0.5,2.0,1000.0,1.0,90.0
125,254.0,-12.855,2.2475,1.7425,0.504999999999999,2.0,1000.0,1.0,90.0
126,256.0,-12.677500000000002,2.405,1.915,0.49,2.0,1000.0,1.0,90.0
127,258.0,-12.4775,2.2625,1.7674999999999998,0.495,2.0,1000.0,1.0,90.0
128,260.0,-12.575000000000001,2.3125,1.8199999999999998,0.492499999999999,2.0,1000.0,1.0,90.0
129,262.0,-12.3625,2.23,1.7249999999999999,0.504999999999999,2.0,1000.0,1.0,90.0
130,264.0,-12.435,2.27,1.7774999999999999,0.492499999999999,2.0,1000.0,1.0,90.0
131,266.0,-12.5425,2.2875,1.7825,0.504999999999999,2.0,1000.0,1.0,90.0
132,268.0,-12.145,2.1425,1.6375000000000002,0.505,2.0,1000.0,1.0,90.0
133,270.0,-12.264999999999999,2.12,1.6375000000000002,0.48250000000000004,2.0,1000.0,1.0,90.0
134,272.0,-12.6175,2.2875,1.775,0.5125,2.0,1000.0,1.0,90.0
135,274.0,-12.627500000000005,2.2925,1.81,0.482499999999999,2.0,1000.0,1.0,90.0
136,276.0,-12.7025,2.3375000000000004,1.8675,0.47,2.0,1000.0,1.0,90.0
137,278.0,-12.287500000000001,2.2525,1.7574999999999998,0.494999999999999,2.0,1000.0,1.0,90.0
138,280.0,-12.7075,2.2775,1.7925,0.484999999999999,2.0,1000.0,1.0,90.0
139,282.0,-12.9025,2.4125,1.9125,0.499999999999999,2.0,1000.0,1.0,90.0
140,284.0,-12.52,2.285,1.8125,0.47250000000000003,2.0,1000.0,1.0,90.0
141,286.0,-12.7,2.385,1.8775,0.507499999999999,2.0,1000.0,1.0,90.0
142,288.0,-12.5475,2.4775,1.9500000000000002,0.5275,2.0,1000.0,1.0,90.0
143,290.0,-12.2825,2.3075,1.795,0.5125,2.0,1000.0,1.0,90.0
144,292.0,-12.549999999999999,2.3575,1.8575,0.5,2.0,1000.0,1.0,90.0
145,294.0,-12.612500000000002,2.3825,1.8825,0.5,2.0,1000.0,1.0,90.0
146,296.0,-12.425,2.1975,1.6975000000000002,0.499999999999999,2.0,1000.0,1.0,90.0
147,298.0,-12.745000000000001,2.3449999999999998,1.8399999999999999,0.504999999999999,2.0,1000.0,1.0,90.0
148,300.0,-12.582500000000001,2.3275,1.8225,0.504999999999999,2.0,1000.0,1.0,90.0
149,302.0,-12.657499999999999,2.3125,1.7999999999999998,0.512499999999999,2.0,1000.0,1.0,90.0
150,304.0,-12.865000000000002,2.4274999999999998,1.9175,0.51,2.0,1000.0,1.0,90.0
151,306.0,-12.649999999999999,2.3125,1.8125,0.499999999999999,2.0,1000.0,1.0,90.0
152,308.0,-12.312500000000002,2.3075,1.8125,0.494999999999999,2.0,1000.0,1.0,90.0
153,310.0,-12.8425,2.3525,1.87,0.482499999999999,2.0,1000.0,1.0,90.0
154,312.0,-12.280000000000001,2.1375,1.6575000000000002,0.48,2.0,1000.0,1.0,90.0
155,314.0,-12.475000000000005,2.1875,1.6925000000000001,0.494999999999999,2.0,1000.0,1.0,90.0
156,316.0,-12.715,2.4725,1.9725000000000001,0.499999999999999,2.0,1000.0,1.0,90.0
157,318.0,-12.140000000000002,2.0725,1.595,0.477499999999999,2.0,1000.0,1.0,90.0
158,320.0,-12.5725,2.295,1.805,0.49,2.0,1000.0,1.0,90.0
159,322.0,-13.077500000000002,2.395,1.9,0.495,2.0,1000.0,1.0,90.0
160,324.0,-12.642500000000002,2.31,1.8225,0.487499999999999,2.0,1000.0,1.0,90.0
161,326.0,-12.6225,2.4025,1.9375,0.464999999999999,2.0,1000.0,1.0,90.0
162,328.00000000000006,-12.044999999999998,2.195,1.695,0.5,2.0,1000.0,1.0,90.0
163,330.0,-12.565000000000001,2.2675,1.7874999999999999,0.479999999999999,2.0,1000.0,1.0,90.0
164,332.0,-12.625000000000002,2.322499999999999,1.845,0.477499999999999,2.0,1000.0,1.0,90.0
165,334.0,-12.627500000000005,2.27,1.77,0.499999999999999,2.0,1000.0,1.0,90.0
166,336.0,-12.549999999999999,2.3525,1.8575,0.495,2.0,1000.0,1.0,90.0
167,338.00000000000006,-12.735000000000001,2.4225,1.96,0.462499999999999,2.0,1000.0,1.0,90.0
168,340.0,-12.517499999999998,2.2425,1.7525,0.49,2.0,1000.0,1.0,90.0
169,342.0,-12.5625,2.325,1.8375,0.48750000000000004,2.0,1000.0,1.0,90.0
170,344.0,-12.355,2.2475,1.7449999999999999,0.502499999999999,2.0,1000.0,1.0,90.0
171,346.0,-12.662500000000003,2.299999999999999,1.8199999999999998,0.479999999999999,2.0,1000.0,1.0,90.0
172,348.00000000000006,-12.9775,2.679999999999999,2.195,0.484999999999999,2.0,1000.0,1.0,90.0
173,350.0,-12.575000000000001,2.3425000000000002,1.8675,0.475,2.0,1000.0,1.0,90.0
174,352.0,-12.525000000000002,2.3275,1.815,0.5125,2.0,1000.0,1.0,90.0
175,354.0,-12.53,2.325,1.83,0.495,2.0,1000.0,1.0,90.0
176,356.0,-12.487500000000002,2.2175000000000002,1.7274999999999998,0.49,2.0,1000.0,1.0,90.0
177,358.00000000000006,-12.4925,2.2525,1.7599999999999998,0.492499999999999,2.0,1000.0,1.0,90.0
178,360.0,-12.585,2.2575000000000003,1.7774999999999999,0.48,2.0,1000.0,1.0,90.0
179,362.0,-12.72,2.2925,1.805,0.48750000000000004,2.0,1000.0,1.0,90.0
180,364.0,-12.5275,2.29,1.8074999999999999,0.482499999999999,2.0,1000.0,1.0,90.0
181,366.0,-12.460000000000003,2.335,1.8625,0.47249999999999903,2.0,1000.0,1.0,90.0
182,368.0,-12.517499999999998,2.335,1.845,0.49,2.0,1000.0,1.0,90.0
183,370.0,-12.742500000000001,2.3474999999999997,1.8375,0.51,2.0,1000.0,1.0,90.0
184,372.0,-12.549999999999999,2.3674999999999997,1.865,0.5025000000000001,2.0,1000.0,1.0,90.0
185,374.0,-12.355,2.2375,1.75,0.487499999999999,2.0,1000.0,1.0,90.0
186,376.0,-12.535,2.315,1.8225,0.492499999999999,2.0,1000.0,1.0,90.0
187,378.0,-12.872500000000002,2.3325,1.8575,0.475,2.0,1000.0,1.0,90.0
188,380.0,-12.270000000000001,2.2375,1.7374999999999998,0.499999999999999,2.0,1000.0,1.0,90.0
189,382.0,-12.425,2.2325,1.7525,0.479999999999999,2.0,1000.0,1.0,90.0
190,384.00000000000006,-12.327500000000002,2.2575000000000003,1.7825,0.475,2.0,1000.0,1.0,90.0
191,386.0,-12.41,2.2575000000000003,1.77,0.48750000000000004,2.0,1000.0,1.0,90.0
192,388.0,-12.95,2.505,2.015,0.489999999999999,2.0,1000.0,1.0,90.0
193,390.0,-12.4025,2.37,1.865,0.505,2.0,1000.0,1.0,90.0
194,392.0,-12.375,2.3525,1.8599999999999999,0.492499999999999,2.0,1000.0,1.0,90.0
195,394.00000000000006,-12.615,2.24,1.7399999999999998,0.5,2.0,1000.0,1.0,90.0
196,396.0,-12.412500000000001,2.285,1.7725,0.5125,2.0,1000.0,1.0,90.0
197,398.0,-12.2275,2.1925,1.705,0.487499999999999,2.0,1000.0,1.0,90.0
198,400.0,-12.620000000000003,2.3975,1.8925,0.504999999999999,2.0,1000.0,1.0,90.0
199,402.0,-12.792500000000002,2.4425,1.9275,0.514999999999999,2.0,1000.0,1.0,90.0
200,404.00000000000006,-12.555,2.355,1.8525,0.502499999999999,2.0,1000.0,1.0,90.0
201,406.0,-12.4475,2.41,1.925,0.485,2.0,1000.0,1.0,90.0
202,408.0,-12.357499999999998,2.175,1.6875,0.487499999999999,2.0,1000.0,1.0,90.0
203,410.0,-12.460000000000003,2.2800000000000002,1.8074999999999999,0.47250000000000003,2.0,1000.0,1.0,90.0
204,412.0,-12.4575,2.2575000000000003,1.7799999999999998,0.47750000000000004,2.0,1000.0,1.0,90.0
205,414.00000000000006,-12.5,2.2725,1.8025,0.46999999999999903,2.0,1000.0,1.0,90.0
206,416.0,-12.417499999999999,2.24,1.7325,0.5075000000000001,2.0,1000.0,1.0,90.0
207,418.0,-12.25,2.29,1.775,0.515,2.0,1000.0,1.0,90.0
208,420.0,-12.5475,2.27,1.775,0.495,2.0,1000.0,1.0,90.0
209,422.0,-12.7375,2.2875,1.795,0.49250000000000005,2.0,1000.0,1.0,90.0
210,424.00000000000006,-12.287500000000001,2.245,1.75,0.495,2.0,1000.0,1.0,90.0
211,426.0,-12.487500000000002,2.33,1.8325,0.497499999999999,2.0,1000.0,1.0,90.0
212,428.0,-12.53,2.485,2.02,0.464999999999999,2.0,1000.0,1.0,90.0
213,430.0,-12.552500000000002,2.3499999999999996,1.8425,0.507499999999999,2.0,1000.0,1.0,90.0
214,432.0,-12.445000000000002,2.3200000000000003,1.8225,0.49750000000000005,2.0,1000.0,1.0,90.0
215,434.00000000000006,-12.545000000000002,2.3275,1.8125,0.514999999999999,2.0,1000.0,1.0,90.0
216,436.0,-12.757500000000002,2.4475,1.9525000000000001,0.494999999999999,2.0,1000.0,1.0,90.0
217,438.0,-12.9025,2.44,1.9525000000000001,0.487499999999999,2.0,1000.0,1.0,90.0
218,440.0,-12.337499999999999,2.315,1.8275,0.487499999999999,2.0,1000.0,1.0,90.0
219,442.0,-12.58,2.3649999999999998,1.8825,0.48250000000000004,2.0,1000.0,1.0,90.0
220,444.00000000000006,-12.729999999999999,2.3449999999999998,1.8425,0.502499999999999,2.0,1000.0,1.0,90.0
221,446.0,-12.5,2.415,1.9100000000000001,0.504999999999999,2.0,1000.0,1.0,90.0
222,448.0,-12.627500000000005,2.4225,1.9525000000000001,0.46999999999999903,2.0,1000.0,1.0,90.0
223,450.0,-12.545000000000002,2.339999999999999,1.8375,0.502499999999999,2.0,1000.0,1.0,90.0
224,452.0,-12.515,2.3449999999999998,1.8575,0.487499999999999,2.0,1000.0,1.0,90.0
225,454.00000000000006,-12.4775,2.385,1.895,0.489999999999999,2.0,1000.0,1.0,90.0
226,456.0,-12.325,2.299999999999999,1.795,0.504999999999999,2.0,1000.0,1.0,90.0
227,458.0,-12.342500000000003,2.1574999999999998,1.6525,0.504999999999999,2.0,1000.0,1.0,90.0
228,460.0,-12.4075,2.3449999999999998,1.8625,0.482499999999999,2.0,1000.0,1.0,90.0
229,462.0,-12.575000000000001,2.3674999999999997,1.8599999999999999,0.507499999999999,2.0,1000.0,1.0,90.0
230,464.00000000000006,-12.582500000000001,2.3674999999999997,1.88,0.48750000000000004,2.0,1000.0,1.0,90.0
231,466.0,-12.7025,2.3874999999999997,1.8725,0.514999999999999,2.0,1000.0,1.0,90.0
232,468.0,-12.264999999999999,2.2675,1.7674999999999998,0.499999999999999,2.0,1000.0,1.0,90.0
233,470.0,-12.379999999999999,2.3425000000000002,1.845,0.49750000000000005,2.0,1000.0,1.0,90.0
234,472.0,-12.5625,2.3874999999999997,1.895,0.49250000000000005,2.0,1000.0,1.0,90.0
235,474.00000000000006,-12.432500000000001,2.3275,1.8399999999999999,0.487499999999999,2.0,1000.0,1.0,90.0
236,476.0,-12.317499999999999,2.339999999999999,1.8525,0.487499999999999,2.0,1000.0,1.0,90.0
237,478.0,-12.482500000000002,2.41,1.9175,0.49250000000000005,2.0,1000.0,1.0,90.0
238,480.0,-12.315000000000005,2.3425000000000002,1.83,0.5125,2.0,1000.0,1.0,90.0
239,482.0,-12.300000000000002,2.3575,1.8625,0.494999999999999,2.0,1000.0,1.0,90.0
240,484.00000000000006,-12.4475,2.3499999999999996,1.8675,0.48250000000000004,2.0,1000.0,1.0,90.0
241,486.0,-12.147500000000003,2.195,1.685,0.51,2.0,1000.0,1.0,90.0
242,488.0,-12.535,2.42,1.9125,0.507499999999999,2.0,1000.0,1.0,90.0
243,490.0,-12.6175,2.3525,1.8275,0.524999999999999,2.0,1000.0,1.0,90.0
244,492.0,-12.372500000000002,2.295,1.7999999999999998,0.494999999999999,2.0,1000.0,1.0,90.0
245,494.00000000000006,-12.495000000000005,2.2875,1.7799999999999998,0.507499999999999,2.0,1000.0,1.0,90.0
246,496.0,-12.509999999999998,2.3874999999999997,1.885,0.5025000000000001,2.0,1000.0,1.0,90.0
247,498.0,-12.4075,2.259999999999999,1.75,0.509999999999999,2.0,1000.0,1.0,90.0
248,500.0,-12.392500000000002,2.33,1.8199999999999998,0.509999999999999,2.0,1000.0,1.0,90.0
249,502.0,-12.290000000000001,2.3375000000000004,1.83,0.507499999999999,2.0,1000.0,1.0,90.0
250,504.00000000000006,-11.952499999999999,2.265,1.7674999999999998,0.49750000000000005,2.0,1000.0,1.0,90.0
251,506.0,-12.385000000000002,2.3825,1.8925,0.49,2.0,1000.0,1.0,90.0
252,508.0,-12.42,2.3925,1.885,0.5075000000000001,2.0,1000.0,1.0,90.0
253,510.0,-12.5675,2.27,1.7774999999999999,0.492499999999999,2.0,1000.0,1.0,90.0
254,512.0,-12.287500000000001,2.275,1.7799999999999998,0.494999999999999,2.0,1000.0,1.0,90.0
255,514.0,-12.480000000000002,2.3325,1.835,0.49750000000000005,2.0,1000.0,1.0,90.0
256,516.0,-12.2,2.2775,1.775,0.5025000000000001,2.0,1000.0,1.0,90.0
257,518.0,-12.23,2.3525,1.8625,0.489999999999999,2.0,1000.0,1.0,90.0
258,520.0,-12.100000000000001,2.3075,1.8175,0.49,2.0,1000.0,1.0,90.0
259,522.0,-12.395,2.33,1.8525,0.477499999999999,2.0,1000.0,1.0,90.0
260,524.0,-12.237499999999999,2.3525,1.8625,0.489999999999999,2.0,1000.0,1.0,90.0
261,526.0,-11.92,2.245,1.755,0.49,2.0,1000.0,1.0,90.0
262,528.0,-12.632500000000002,2.3775,1.8825,0.494999999999999,2.0,1000.0,1.0,90.0
263,530.0,-13.342500000000001,3.12,2.665,0.45499999999999996,2.0,1000.0,1.0,90.0
264,532.0,-11.987500000000002,2.355,1.88,0.475,2.0,1000.0,1.0,90.0
265,534.0,-12.385000000000002,2.3825,1.8825,0.5,2.0,1000.0,1.0,90.0
266,536.0,-12.337499999999999,2.4325,1.9575,0.475,2.0,1000.0,1.0,90.0
267,538.0,-11.8025,2.2725,1.77,0.502499999999999,2.0,1000.0,1.0,90.0
268,540.0,-12.2425,2.4,1.9175,0.482499999999999,2.0,1000.0,1.0,90.0
269,542.0,-12.0775,2.31,1.8275,0.482499999999999,2.0,1000.0,1.0,90.0
270,544.0,-12.25,2.38,1.895,0.484999999999999,2.0,1000.0,1.0,90.0
271,546.0,-12.312500000000002,2.5424999999999995,2.0324999999999998,0.51,2.0,1000.0,1.0,90.0
272,548.0,-12.132500000000002,2.395,1.885,0.51,2.0,1000.0,1.0,90.0
273,550.0,-12.145,2.295,1.7974999999999999,0.497499999999999,2.0,1000.0,1.0,90.0
274,552.0,-12.017500000000002,2.395,1.9025,0.492499999999999,2.0,1000.0,1.0,90.0
275,554.0,-12.335000000000004,2.475,1.965,0.51,2.0,1000.0,1.0,90.0
276,556.0,-12.2,2.5174999999999996,2.0324999999999998,0.485,2.0,1000.0,1.0,90.0
277,558.0,-11.9225,2.3200000000000003,1.8425,0.47750000000000004,2.0,1000.0,1.0,90.0
278,560.0,-11.980000000000002,2.395,1.8975,0.49750000000000005,2.0,1000.0,1.0,90.0
279,562.0,-11.875,2.3175,1.8325,0.484999999999999,2.0,1000.0,1.0,90.0
280,564.0,-11.697500000000002,2.3649999999999998,1.8875,0.47750000000000004,2.0,1000.0,1.0,90.0
281,566.0,-11.772499999999999,2.4299999999999997,1.9300000000000002,0.5,2.0,1000.0,1.0,90.0
282,568.0,-12.135,2.4725,1.9725000000000001,0.499999999999999,2.0,1000.0,1.0,90.0
283,570.0,-11.4825,2.355,1.855,0.5,2.0,1000.0,1.0,90.0
284,572.0,-11.91,2.49,2.0,0.49,2.0,1000.0,1.0,90.0
285,574.0,-11.6175,2.42,1.925,0.494999999999999,2.0,1000.0,1.0,90.0
286,576.0,-11.61,2.4425,1.9525000000000001,0.489999999999999,2.0,1000.0,1.0,90.0
287,578.0,-11.495000000000001,2.485,1.995,0.489999999999999,2.0,1000.0,1.0,90.0
288,580.0,-11.3875,2.3725,1.8975,0.475,2.0,1000.0,1.0,90.0
289,582.0,-11.495000000000001,2.495,2.009999999999999,0.485,2.0,1000.0,1.0,90.0
290,584.0,-11.3725,2.4975,2.0175,0.48,2.0,1000.0,1.0,90.0
291,586.0,-11.014999999999999,2.4325,1.9525000000000001,0.479999999999999,2.0,1000.0,1.0,90.0
292,588.0,-10.940000000000001,2.4625,1.9825000000000002,0.479999999999999,2.0,1000.0,1.0,90.0
293,590.0,-11.11,2.4775,1.98,0.49750000000000005,2.0,1000.0,1.0,90.0
294,592.0,-10.877500000000001,2.4775,1.9875,0.49,2.0,1000.0,1.0,90.0
295,594.0,-10.9675,2.565,2.06,0.504999999999999,2.0,1000.0,1.0,90.0
296,596.0,-10.325,2.4425,1.9525000000000001,0.489999999999999,2.0,1000.0,1.0,90.0
297,598.0,-10.5875,2.5574999999999997,2.0749999999999997,0.48250000000000004,2.0,1000.0,1.0,90.0
298,600.0,-9.5425,2.245,1.7574999999999998,0.48750000000000004,2.0,1000.0,1.0,90.0
299,602.0,-10.262500000000001,2.5974999999999997,2.105,0.49250000000000005,2.0,1000.0,1.0,90.0
300,604.0,-9.807500000000001,2.58,2.0925,0.487499999999999,2.0,1000.0,1.0,90.0
301,606.0,-9.42,2.525,2.04,0.484999999999999,2.0,1000.0,1.0,90.0
302,608.0,-9.530000000000001,2.6875,2.1725,0.514999999999999,2.0,1000.0,1.0,90.0
303,610.0,-9.0,2.6125,2.1075,0.504999999999999,2.0,1000.0,1.0,90.0
304,612.0,-8.8,2.5974999999999997,2.11,0.48750000000000004,2.0,1000.0,1.0,90.0
305,614.0,-8.5675,2.7750000000000004,2.2800000000000002,0.494999999999999,2.0,1000.0,1.0,90.0
306,616.0,-8.122500000000002,2.8549999999999995,2.37,0.485,2.0,1000.0,1.0,90.0
307,618.0,-7.242500000000001,2.555,2.07,0.484999999999999,2.0,1000.0,1.0,90.0
308,620.0,-6.9825,2.6125,2.1149999999999998,0.497499999999999,2.0,1000.0,1.0,90.0
309,622.0,-6.542500000000001,2.6100000000000003,2.1225,0.48750000000000004,2.0,1000.0,1.0,90.0
310,624.0,-6.45,2.719999999999999,2.23,0.489999999999999,2.0,1000.0,1.0,90.0
311,626.0,-6.152500000000001,2.615,2.1325,0.482499999999999,2.0,1000.0,1.0,90.0
312,628.0,-6.512500000000001,2.88,2.3874999999999997,0.492499999999999,2.0,1000.0,1.0,90.0
313,630.0,-5.525000000000001,2.7075,2.2,0.507499999999999,2.0,1000.0,1.0,90.0
314,632.0,-5.540000000000001,2.6525,2.1525,0.499999999999999,2.0,1000.0,1.0,90.0
315,634.0,-5.317500000000001,2.71,2.225,0.484999999999999,2.0,1000.0,1.0,90.0
316,636.0,-5.1225000000000005,2.6500000000000004,2.1625,0.487499999999999,2.0,1000.0,1.0,90.0
317,638.0,-5.1075,2.719999999999999,2.2525,0.467499999999999,2.0,1000.0,1.0,90.0
318,640.0,-5.205000000000001,2.7525,2.2675,0.484999999999999,2.0,1000.0,1.0,90.0
319,642.0,-4.7825,2.7275,2.2475,0.479999999999999,2.0,1000.0,1.0,90.0
320,644.0,-4.845000000000001,2.7375,2.27,0.467499999999999,2.0,1000.0,1.0,90.0
321,646.0000000000001,-4.7025,2.525,2.0425,0.482499999999999,2.0,1000.0,1.0,90.0
322,648.0,-4.970000000000001,3.0575,2.58,0.47750000000000004,2.0,1000.0,1.0,90.0
323,650.0,-4.6775,2.745,2.27,0.475,2.0,1000.0,1.0,90.0
324,652.0,-4.5375,2.7700000000000005,2.285,0.484999999999999,2.0,1000.0,1.0,90.0
325,654.0,-4.43,2.7,2.2025,0.497499999999999,2.0,1000.0,1.0,90.0
326,656.0000000000001,-4.335,2.6125,2.11,0.502499999999999,2.0,1000.0,1.0,90.0
327,658.0,-4.4875,2.8525,2.3649999999999998,0.487499999999999,2.0,1000.0,1.0,90.0
328,660.0,-4.355,2.6875,2.2225,0.464999999999999,2.0,1000.0,1.0,90.0
329,662.0,-4.7225,2.8100000000000005,2.3125,0.49750000000000005,2.0,1000.0,1.0,90.0
330,664.0,-4.912499999999999,2.719999999999999,2.2175000000000002,0.502499999999999,2.0,1000.0,1.0,90.0
331,666.0000000000001,-4.3925,2.685,2.19,0.495,2.0,1000.0,1.0,90.0
332,668.0,-3.8850000000000002,2.6525,2.145,0.507499999999999,2.0,1000.0,1.0,90.0
333,670.0,-4.699999999999999,2.7275,2.215,0.512499999999999,2.0,1000.0,1.0,90.0
334,672.0,-5.3625,3.125,2.6475,0.47750000000000004,2.0,1000.0,1.0,90.0
335,674.0,-4.7375,2.7125,2.235,0.477499999999999,2.0,1000.0,1.0,90.0
336,676.0000000000001,-5.0175,2.965,2.4975,0.467499999999999,2.0,1000.0,1.0,90.0
337,678.0,-4.770000000000001,2.66,2.1725,0.48750000000000004,2.0,1000.0,1.0,90.0
338,680.0,-5.12,2.8375,2.3499999999999996,0.487499999999999,2.0,1000.0,1.0,90.0
339,682.0,-5.065,2.75,2.259999999999999,0.49,2.0,1000.0,1.0,90.0
340,684.0,-5.035,2.7300000000000004,2.245,0.484999999999999,2.0,1000.0,1.0,90.0
341,686.0000000000001,-5.3475,2.7300000000000004,2.2475,0.48250000000000004,2.0,1000.0,1.0,90.0
342,688.0,-5.0275,2.725,2.2625,0.462499999999999,2.0,1000.0,1.0,90.0
343,690.0,-5.227500000000001,2.7350000000000003,2.255,0.48,2.0,1000.0,1.0,90.0
344,692.0,-5.357500000000001,2.685,2.2075,0.47750000000000004,2.0,1000.0,1.0,90.0
345,694.0,-5.3625,2.745,2.2675,0.47750000000000004,2.0,1000.0,1.0,90.0
346,696.0000000000001,-5.4925,2.6675,2.1625,0.504999999999999,2.0,1000.0,1.0,90.0
347,698.0,-5.3825,2.665,2.1825,0.482499999999999,2.0,1000.0,1.0,90.0
348,700.0,-5.357500000000001,2.6574999999999998,2.1625,0.494999999999999,2.0,1000.0,1.0,90.0
349,702.0,-5.685000000000001,2.7125,2.2125,0.499999999999999,2.0,1000.0,1.0,90.0
350,704.0,-5.8425,2.885,2.37,0.514999999999999,2.0,1000.0,1.0,90.0
351,706.0000000000001,-5.630000000000001,2.7275,2.24,0.487499999999999,2.0,1000.0,1.0,90.0
352,708.0,-6.0675,2.7775,2.285,0.492499999999999,2.0,1000.0,1.0,90.0
353,710.0,-5.48,2.6950000000000003,2.1925,0.5025000000000001,2.0,1000.0,1.0,90.0
354,712.0,-5.535,2.7125,2.24,0.47249999999999903,2.0,1000.0,1.0,90.0
355,714.0,-5.955,2.7525,2.27,0.482499999999999,2.0,1000.0,1.0,90.0
356,716.0000000000001,-5.5875,2.6550000000000002,2.1574999999999998,0.49750000000000005,2.0,1000.0,1.0,90.0
357,718.0,-5.787500000000001,2.7525,2.245,0.507499999999999,2.0,1000.0,1.0,90.0
358,720.0,-5.68,2.6475,2.1475,0.499999999999999,2.0,1000.0,1.0,90.0
359,722.0,-5.61,2.67,2.17,0.5,2.0,1000.0,1.0,90.0
360,724.0,-6.072500000000001,2.759999999999999,2.259999999999999,0.499999999999999,2.0,1000.0,1.0,90.0
361,726.0000000000001,-5.925000000000001,2.66,2.1574999999999998,0.5025000000000001,2.0,1000.0,1.0,90.0
362,728.0,-5.830000000000001,2.6550000000000002,2.1574999999999998,0.49750000000000005,2.0,1000.0,1.0,90.0
363,730.0,-5.877500000000001,2.6574999999999998,2.175,0.482499999999999,2.0,1000.0,1.0,90.0
364,732.0,-5.735,2.679999999999999,2.175,0.504999999999999,2.0,1000.0,1.0,90.0
365,734.0,-5.585,2.6550000000000002,2.1475,0.5075000000000001,2.0,1000.0,1.0,90.0
366,736.0000000000001,-6.040000000000001,2.8875,2.3775,0.509999999999999,2.0,1000.0,1.0,90.0
367,738.0,-5.605000000000001,2.6950000000000003,2.1975,0.49750000000000005,2.0,1000.0,1.0,90.0
368,740.0,-5.8125,2.6525,2.1375,0.514999999999999,2.0,1000.0,1.0,90.0
369,742.0,-5.8,2.6750000000000003,2.19,0.485,2.0,1000.0,1.0,90.0
370,744.0,-5.677500000000001,2.6975,2.195,0.502499999999999,2.0,1000.0,1.0,90.0
371,746.0000000000001,-5.745,2.7675,2.2800000000000002,0.487499999999999,2.0,1000.0,1.0,90.0
372,748.0,-6.007500000000001,2.6900000000000004,2.1975,0.49250000000000005,2.0,1000.0,1.0,90.0
373,750.0,-5.7650000000000015,2.6224999999999996,2.13,0.49250000000000005,2.0,1000.0,1.0,90.0
374,752.0,-5.4575000000000005,2.6550000000000002,2.1775,0.477499999999999,2.0,1000.0,1.0,90.0
375,754.0,-5.96,2.8075,2.3125,0.494999999999999,2.0,1000.0,1.0,90.0
376,756.0000000000001,-5.750000000000001,2.6574999999999998,2.155,0.502499999999999,2.0,1000.0,1.0,90.0
377,758.0,-5.6825,2.6825,2.1775,0.505,2.0,1000.0,1.0,90.0
378,760.0,-5.785,2.6900000000000004,2.2025,0.487499999999999,2.0,1000.0,1.0,90.0
379,762.0,-5.6875,2.7225,2.2325,0.49,2.0,1000.0,1.0,90.0
380,764.0,-5.5600000000000005,2.6,2.105,0.494999999999999,2.0,1000.0,1.0,90.0
381,766.0000000000001,-5.88,2.7,2.2125,0.48750000000000004,2.0,1000.0,1.0,90.0
382,768.0000000000001,-6.092500000000001,2.92,2.4225,0.497499999999999,2.0,1000.0,1.0,90.0
383,770.0,-5.8575,2.705,2.2125,0.49250000000000005,2.0,1000.0,1.0,90.0
384,772.0,-5.902500000000001,2.8025,2.3075,0.495,2.0,1000.0,1.0,90.0
385,774.0,-5.940000000000001,2.7024999999999997,2.2125,0.49,2.0,1000.0,1.0,90.0
386,776.0000000000001,-5.9125000000000005,2.94,2.4699999999999998,0.46999999999999903,2.0,1000.0,1.0,90.0
387,778.0000000000001,-5.790000000000001,2.7150000000000003,2.19,0.525,2.0,1000.0,1.0,90.0
388,780.0,-5.5,2.625,2.1225,0.502499999999999,2.0,1000.0,1.0,90.0
389,782.0,-5.535,2.6900000000000004,2.1925,0.49750000000000005,2.0,1000.0,1.0,90.0
390,784.0,-5.5325000000000015,2.67,2.1875,0.48250000000000004,2.0,1000.0,1.0,90.0
391,786.0000000000001,-5.950000000000001,2.7775,2.285,0.492499999999999,2.0,1000.0,1.0,90.0
392,788.0000000000001,-5.657500000000001,2.6900000000000004,2.19,0.5,2.0,1000.0,1.0,90.0
393,790.0,-5.6425,2.6475,2.14,0.507499999999999,2.0,1000.0,1.0,90.0
394,792.0,-5.6225000000000005,2.5675,2.065,0.502499999999999,2.0,1000.0,1.0,90.0
395,794.0,-5.702500000000001,2.51,2.005,0.504999999999999,2.0,1000.0,1.0,90.0
396,796.0000000000001,-5.555,2.7,2.2025,0.497499999999999,2.0,1000.0,1.0,90.0
397,798.0000000000001,-5.4725,2.4299999999999997,1.94,0.49,2.0,1000.0,1.0,90.0
398,800.0,-5.8675,2.665,2.1675,0.49750000000000005,2.0,1000.0,1.0,90.0
399,802.0,-5.640000000000001,2.6,2.1125,0.48750000000000004,2.0,1000.0,1.0,90.0
400,804.0,-6.125,2.8049999999999993,2.3075,0.497499999999999,2.0,1000.0,1.0,90.0
401,806.0000000000001,-5.9625,2.7525,2.2475,0.504999999999999,2.0,1000.0,1.0,90.0
402,808.0000000000001,-6.2250000000000005,2.8899999999999997,2.3775,0.5125,2.0,1000.0,1.0,90.0
403,810.0,-5.890000000000001,2.6374999999999997,2.145,0.49250000000000005,2.0,1000.0,1.0,90.0
404,812.0,-5.952500000000001,2.665,2.165,0.499999999999999,2.0,1000.0,1.0,90.0
405,814.0,-5.8175,2.64,2.15,0.49,2.0,1000.0,1.0,90.0
406,816.0000000000001,-5.82,2.5824999999999996,2.0975,0.485,2.0,1000.0,1.0,90.0
407,818.0000000000001,-5.957500000000001,2.7475,2.265,0.482499999999999,2.0,1000.0,1.0,90.0
408,820.0,-5.9750000000000005,2.7075,2.2325,0.47499999999999903,2.0,1000.0,1.0,90.0
409,822.0,-5.8975,2.6675,2.1875,0.479999999999999,2.0,1000.0,1.0,90.0
410,824.0,-5.84,2.6100000000000003,2.11,0.5,2.0,1000.0,1.0,90.0
411,826.0000000000001,-6.0025,2.665,2.175,0.49,2.0,1000.0,1.0,90.0
412,828.0000000000001,-6.195,2.7550000000000003,2.2775,0.47750000000000004,2.0,1000.0,1.0,90.0
413,830.0,-5.5,2.5625,2.0749999999999997,0.48750000000000004,2.0,1000.0,1.0,90.0
414,832.0,-5.93,2.6425,2.1425,0.5,2.0,1000.0,1.0,90.0
415,834.0,-5.877500000000001,2.6525,2.1525,0.499999999999999,2.0,1000.0,1.0,90.0
416,836.0000000000001,-5.96,2.7150000000000003,2.2175000000000002,0.497499999999999,2.0,1000.0,1.0,90.0
417,838.0000000000001,-5.702500000000001,2.6224999999999996,2.1174999999999997,0.505,2.0,1000.0,1.0,90.0
418,840.0,-5.917500000000001,2.6900000000000004,2.205,0.484999999999999,2.0,1000.0,1.0,90.0
419,842.0,-5.93,2.6975,2.185,0.512499999999999,2.0,1000.0,1.0,90.0
420,844.0,-5.7475000000000005,2.6174999999999997,2.125,0.492499999999999,2.0,1000.0,1.0,90.0
421,846.0000000000001,-5.8175,2.6500000000000004,2.1574999999999998,0.49250000000000005,2.0,1000.0,1.0,90.0
422,848.0000000000001,-5.7225,2.5925,2.1125,0.48,2.0,1000.0,1.0,90.0
423,850.0,-5.8975,2.6475,2.1574999999999998,0.489999999999999,2.0,1000.0,1.0,90.0
424,852.0,-5.9225,2.6425,2.155,0.48750000000000004,2.0,1000.0,1.0,90.0
425,854.0,-6.007500000000001,2.6975,2.21,0.487499999999999,2.0,1000.0,1.0,90.0
426,856.0000000000001,-5.797500000000001,2.58,2.11,0.47,2.0,1000.0,1.0,90.0
427,858.0000000000001,-5.03,2.3125,1.8074999999999999,0.504999999999999,2.0,1000.0,1.0,90.0
428,860.0,-5.750000000000001,2.7150000000000003,2.2225,0.492499999999999,2.0,1000.0,1.0,90.0
429,862.0,-5.7650000000000015,2.64,2.135,0.505,2.0,1000.0,1.0,90.0
430,864.0,-5.772500000000001,2.5925,2.0949999999999998,0.49750000000000005,2.0,1000.0,1.0,90.0
431,866.0000000000001,-5.74,2.7725,2.27,0.502499999999999,2.0,1000.0,1.0,90.0
432,868.0000000000001,-6.1375,2.8975,2.395,0.502499999999999,2.0,1000.0,1.0,90.0
433,870.0,-5.735,2.6550000000000002,2.1425,0.512499999999999,2.0,1000.0,1.0,90.0
434,872.0,-5.8,2.6325,2.1425,0.49,2.0,1000.0,1.0,90.0
435,874.0,-5.5875,2.63,2.1325,0.497499999999999,2.0,1000.0,1.0,90.0
436,876.0000000000001,-5.6975,2.6475,2.1525,0.494999999999999,2.0,1000.0,1.0,90.0
437,878.0000000000001,-5.212500000000001,2.3025,1.8025,0.5,2.0,1000.0,1.0,90.0
438,880.0,-5.335,2.705,2.2075,0.49750000000000005,2.0,1000.0,1.0,90.0
439,882.0,-5.6475,2.595,2.12,0.47499999999999903,2.0,1000.0,1.0,90.0
440,884.0,-5.597500000000001,2.595,2.1075,0.48750000000000004,2.0,1000.0,1.0,90.0
441,886.0000000000001,-5.702500000000001,2.6500000000000004,2.145,0.504999999999999,2.0,1000.0,1.0,90.0
442,888.0000000000001,-5.8925,2.765,2.2625,0.502499999999999,2.0,1000.0,1.0,90.0
443,890.0,-5.710000000000001,2.625,2.12,0.504999999999999,2.0,1000.0,1.0,90.0
444,892.0,-5.772500000000001,2.6550000000000002,2.1574999999999998,0.49750000000000005,2.0,1000.0,1.0,90.0
445,894.0,-5.615,2.6075,2.09,0.517499999999999,2.0,1000.0,1.0,90.0
446,896.0000000000001,-5.585,2.6125,2.1149999999999998,0.497499999999999,2.0,1000.0,1.0,90.0
447,898.0000000000001,-5.6425,2.705,2.2025,0.502499999999999,2.0,1000.0,1.0,90.0
448,900.0,-5.885,2.6950000000000003,2.1975,0.49750000000000005,2.0,1000.0,1.0,90.0
449,902.0,-5.862500000000001,2.6425,2.1475,0.495,2.0,1000.0,1.0,90.0
450,904.0,-5.825,2.6224999999999996,2.1125,0.51,2.0,1000.0,1.0,90.0
451,906.0,-5.7925,2.7424999999999997,2.2375,0.504999999999999,2.0,1000.0,1.0,90.0
452,908.0,-5.915,2.75,2.2525,0.49750000000000005,2.0,1000.0,1.0,90.0
453,910.0,-5.505,2.63,2.15,0.48,2.0,1000.0,1.0,90.0
454,912.0,-5.8175,2.66,2.16,0.499999999999999,2.0,1000.0,1.0,90.0
455,914.0,-5.612500000000001,2.41,1.92,0.49,2.0,1000.0,1.0,90.0
456,916.0,-5.8725000000000005,2.75,2.2425,0.507499999999999,2.0,1000.0,1.0,90.0
457,918.0,-5.625,2.6100000000000003,2.12,0.49,2.0,1000.0,1.0,90.0
458,920.0,-5.640000000000001,2.6425,2.1625,0.48,2.0,1000.0,1.0,90.0
459,922.0,-5.7125,2.6875,2.185,0.502499999999999,2.0,1000.0,1.0,90.0
460,924.0,-5.750000000000001,2.75,2.2375,0.5125,2.0,1000.0,1.0,90.0
461,926.0,-6.0025,2.7225,2.23,0.49250000000000005,2.0,1000.0,1.0,90.0
462,928.0,-6.1475,2.8025,2.3175,0.485,2.0,1000.0,1.0,90.0
463,930.0,-5.6425,2.6350000000000002,2.145,0.489999999999999,2.0,1000.0,1.0,90.0
464,932.0,-5.940000000000001,2.6950000000000003,2.195,0.499999999999999,2.0,1000.0,1.0,90.0
465,934.0,-5.7525,2.67,2.17,0.5,2.0,1000.0,1.0,90.0
466,936.0,-5.7700000000000005,2.585,2.0975,0.487499999999999,2.0,1000.0,1.0,90.0
467,938.0,-5.9,2.6750000000000003,2.1825,0.492499999999999,2.0,1000.0,1.0,90.0
468,940.0,-5.707500000000001,2.705,2.2075,0.49750000000000005,2.0,1000.0,1.0,90.0
469,942.0,-5.6325,2.5925,2.0949999999999998,0.49750000000000005,2.0,1000.0,1.0,90.0
470,944.0,-5.9275,2.7175,2.205,0.5125,2.0,1000.0,1.0,90.0
471,946.0,-5.7700000000000005,2.6,2.1149999999999998,0.484999999999999,2.0,1000.0,1.0,90.0
472,948.0,-6.2925,2.9025,2.385,0.5175,2.0,1000.0,1.0,90.0
473,950.0,-5.425,2.58,2.0949999999999998,0.485,2.0,1000.0,1.0,90.0
474,952.0,-5.6725,2.6950000000000003,2.1925,0.5025000000000001,2.0,1000.0,1.0,90.0
475,954.0,-5.6425,2.6075,2.11,0.497499999999999,2.0,1000.0,1.0,90.0
476,956.0,-5.5875,2.5824999999999996,2.09,0.49250000000000005,2.0,1000.0,1.0,90.0
477,958.0,-5.700000000000001,2.505,2.007499999999999,0.49750000000000005,2.0,1000.0,1.0,90.0
478,960.0,-5.475,2.5174999999999996,2.04,0.47750000000000004,2.0,1000.0,1.0,90.0
479,962.0,-5.7325,2.6275,2.135,0.492499999999999,2.0,1000.0,1.0,90.0
480,964.0,-5.5725,2.6475,2.1775,0.46999999999999903,2.0,1000.0,1.0,90.0
481,966.0,-5.612500000000001,2.5574999999999997,2.08,0.47750000000000004,2.0,1000.0,1.0,90.0
482,968.0,-5.822500000000001,2.685,2.205,0.479999999999999,2.0,1000.0,1.0,90.0
483,970.0,-5.797500000000001,2.625,2.14,0.484999999999999,2.0,1000.0,1.0,90.0
484,972.0,-5.6875,2.5275,2.04,0.487499999999999,2.0,1000.0,1.0,90.0
485,974.0,-5.9675,2.6675,2.195,0.47249999999999903,2.0,1000.0,1.0,90.0
486,976.0,-5.8675,2.6624999999999996,2.15,0.5125,2.0,1000.0,1.0,90.0
487,978.0,-5.925000000000001,2.5925,2.0925,0.499999999999999,2.0,1000.0,1.0,90.0
488,980.0,-5.6175,2.6075,2.14,0.467499999999999,2.0,1000.0,1.0,90.0
489,982.0,-5.827500000000001,2.6350000000000002,2.1574999999999998,0.47750000000000004,2.0,1000.0,1.0,90.0
490,984.0,-5.945,2.719999999999999,2.2225,0.497499999999999,2.0,1000.0,1.0,90.0
491,986.0,-5.8075,2.63,2.135,0.495,2.0,1000.0,1.0,90.0
492,988.0,-6.092500000000001,2.835,2.3525,0.48250000000000004,2.0,1000.0,1.0,90.0
493,990.0,-5.945,2.6725,2.17,0.5025000000000001,2.0,1000.0,1.0,90.0
494,992.0,-6.0150000000000015,2.7325,2.2475,0.484999999999999,2.0,1000.0,1.0,90.0
495,994.0,-5.9725,2.6825,2.1975,0.485,2.0,1000.0,1.0,90.0
496,996.0,-5.5425,2.425,1.9500000000000002,0.47499999999999903,2.0,1000.0,1.0,90.0
497,998.0,-5.757500000000001,2.745,2.25,0.495,2.0,1000.0,1.0,90.0
498,1000.0,-5.745,2.575,2.0675,0.5075000000000001,2.0,1000.0,1.0,90.0
499,1002.0,-5.7650000000000015,2.74,2.2275,0.5125,2.0,1000.0,1.0,90.0
500,1004.0,-5.48,2.56,2.0774999999999997,0.482499999999999,2.0,1000.0,1.0,90.0
501,1006.0,-5.8,2.6900000000000004,2.1875,0.5025000000000001,2.0,1000.0,1.0,90.0
502,1008.0,-5.8675,2.679999999999999,2.1875,0.492499999999999,2.0,1000.0,1.0,90.0
503,1010.0,-5.757500000000001,2.7125,2.235,0.477499999999999,2.0,1000.0,1.0,90.0
504,1012.0,-5.58,2.5374999999999996,2.0549999999999997,0.48250000000000004,2.0,1000.0,1.0,90.0
505,1014.0,-5.590000000000001,2.5625,2.0625,0.5,2.0,1000.0,1.0,90.0
506,1016.0,-5.295,2.49,2.005,0.485,2.0,1000.0,1.0,90.0
507,1018.0,-5.33,2.575,2.0875,0.48750000000000004,2.0,1000.0,1.0,90.0
508,1020.0,-5.485000000000001,2.5824999999999996,2.1075,0.475,2.0,1000.0,1.0,90.0
509,1022.0,-5.525000000000001,2.6224999999999996,2.15,0.47250000000000003,2.0,1000.0,1.0,90.0
510,1024.0,-5.88,2.67,2.1574999999999998,0.5125,2.0,1000.0,1.0,90.0
511,1026.0,-5.5,2.5725,2.105,0.467499999999999,2.0,1000.0,1.0,90.0
512,1028.0,-5.735,2.6574999999999998,2.1574999999999998,0.499999999999999,2.0,1000.0,1.0,90.0
513,1030.0,-5.6725,2.58,2.0949999999999998,0.485,2.0,1000.0,1.0,90.0
514,1032.0,-5.69,2.605,2.1375,0.467499999999999,2.0,1000.0,1.0,90.0
515,1034.0,-5.6825,2.63,2.15,0.48,2.0,1000.0,1.0,90.0
516,1036.0,-5.6175,2.6275,2.1375,0.489999999999999,2.0,1000.0,1.0,90.0
517,1038.0,-5.8825,2.7475,2.255,0.492499999999999,2.0,1000.0,1.0,90.0
518,1040.0,-5.515000000000001,2.585,2.1025,0.482499999999999,2.0,1000.0,1.0,90.0
519,1042.0,-5.8925,2.6075,2.13,0.477499999999999,2.0,1000.0,1.0,90.0
520,1044.0,-5.630000000000001,2.6075,2.1125,0.494999999999999,2.0,1000.0,1.0,90.0
521,1046.0,-5.827500000000001,2.6574999999999998,2.18,0.477499999999999,2.0,1000.0,1.0,90.0
522,1048.0,-5.745,2.625,2.16,0.464999999999999,2.0,1000.0,1.0,90.0
523,1050.0,-5.66,2.5875,2.1075,0.479999999999999,2.0,1000.0,1.0,90.0
524,1052.0,-5.7325,2.6174999999999997,2.1275,0.489999999999999,2.0,1000.0,1.0,90.0
525,1054.0,-5.605000000000001,2.6025,2.1325,0.46999999999999903,2.0,1000.0,1.0,90.0
526,1056.0,-6.062500000000001,2.7975,2.325,0.47250000000000003,2.0,1000.0,1.0,90.0
527,1058.0,-5.585,2.555,2.0875,0.4675,2.0,1000.0,1.0,90.0
528,1060.0,-5.5075,2.645,2.1574999999999998,0.48750000000000004,2.0,1000.0,1.0,90.0
529,1062.0,-5.627500000000001,2.6275,2.1574999999999998,0.46999999999999903,2.0,1000.0,1.0,90.0
530,1064.0,-5.627500000000001,2.6224999999999996,2.1375,0.485,2.0,1000.0,1.0,90.0
531,1066.0,-5.4825,2.595,2.1125,0.48250000000000004,2.0,1000.0,1.0,90.0
532,1068.0,-5.645000000000001,2.74,2.25,0.49,2.0,1000.0,1.0,90.0
533,1070.0,-5.565000000000001,2.5625,2.065,0.49750000000000005,2.0,1000.0,1.0,90.0
534,1072.0,-6.007500000000001,2.7225,2.2275,0.495,2.0,1000.0,1.0,90.0
535,1074.0,-5.775,2.6725,2.1925,0.48,2.0,1000.0,1.0,90.0
536,1076.0,-5.477500000000001,2.665,2.165,0.499999999999999,2.0,1000.0,1.0,90.0
537,1078.0,-5.7375,2.71,2.2,0.509999999999999,2.0,1000.0,1.0,90.0
538,1080.0,-5.5875,2.5875,2.1075,0.479999999999999,2.0,1000.0,1.0,90.0
539,1082.0,-5.5875,2.5974999999999997,2.11,0.48750000000000004,2.0,1000.0,1.0,90.0
540,1084.0,-5.76,2.7150000000000003,2.2125,0.5025000000000001,2.0,1000.0,1.0,90.0
541,1086.0,-5.675,2.6,2.1149999999999998,0.484999999999999,2.0,1000.0,1.0,90.0
542,1088.0,-5.8,2.745,2.2475,0.49750000000000005,2.0,1000.0,1.0,90.0
543,1090.0,-5.8875,2.8025,2.3200000000000003,0.48250000000000004,2.0,1000.0,1.0,90.0
544,1092.0,-5.5875,2.6550000000000002,2.1775,0.477499999999999,2.0,1000.0,1.0,90.0
545,1094.0,-5.7325,2.6500000000000004,2.155,0.494999999999999,2.0,1000.0,1.0,90.0
546,1096.0,-5.577500000000001,2.6624999999999996,2.1775,0.485,2.0,1000.0,1.0,90.0
547,1098.0,-5.5875,2.645,2.15,0.495,2.0,1000.0,1.0,90.0
548,1100.0,-5.4125,2.5774999999999997,2.1075,0.47,2.0,1000.0,1.0,90.0
549,1102.0,-5.6425,2.605,2.1075,0.49750000000000005,2.0,1000.0,1.0,90.0
550,1104.0,-5.665,2.6475,2.165,0.482499999999999,2.0,1000.0,1.0,90.0
551,1106.0,-5.575,2.5574999999999997,2.06,0.49750000000000005,2.0,1000.0,1.0,90.0
552,1108.0,-5.6175,2.8025,2.3175,0.485,2.0,1000.0,1.0,90.0
553,1110.0,-5.837500000000001,2.6624999999999996,2.1525,0.51,2.0,1000.0,1.0,90.0
554,1112.0,-5.82,2.6125,2.1225,0.489999999999999,2.0,1000.0,1.0,90.0
555,1114.0,-5.852500000000001,2.66,2.1625,0.497499999999999,2.0,1000.0,1.0,90.0
556,1116.0,-5.7525,2.565,2.0675,0.49750000000000005,2.0,1000.0,1.0,90.0
557,1118.0,-5.865,2.5675,2.0749999999999997,0.492499999999999,2.0,1000.0,1.0,90.0
558,1120.0,-5.8075,2.615,2.1325,0.482499999999999,2.0,1000.0,1.0,90.0
559,1122.0,-5.990000000000001,2.6975,2.1975,0.499999999999999,2.0,1000.0,1.0,90.0
560,1124.0,-5.757500000000001,2.6500000000000004,2.12,0.529999999999999,2.0,1000.0,1.0,90.0
561,1126.0,-5.5825000000000005,2.44,1.945,0.494999999999999,2.0,1000.0,1.0,90.0
562,1128.0,-6.385000000000001,2.8100000000000005,2.2975000000000003,0.5125,2.0,1000.0,1.0,90.0
563,1130.0,-5.9475,2.7225,2.2275,0.495,2.0,1000.0,1.0,90.0
564,1132.0,-5.6675,2.5700000000000003,2.07,0.5,2.0,1000.0,1.0,90.0
565,1134.0,-5.73,2.6624999999999996,2.155,0.5075000000000001,2.0,1000.0,1.0,90.0
566,1136.0,-6.2675,2.7750000000000004,2.275,0.5,2.0,1000.0,1.0,90.0
567,1138.0,-5.735,2.64,2.1425,0.497499999999999,2.0,1000.0,1.0,90.0
568,1140.0,-5.890000000000001,2.6725,2.17,0.5025000000000001,2.0,1000.0,1.0,90.0
569,1142.0,-5.910000000000001,2.6825,2.2,0.48250000000000004,2.0,1000.0,1.0,90.0
570,1144.0,-5.780000000000001,2.6374999999999997,2.1475,0.49,2.0,1000.0,1.0,90.0
571,1146.0,-5.5525,2.5124999999999997,2.0125,0.499999999999999,2.0,1000.0,1.0,90.0
572,1148.0,-6.1225000000000005,2.7775,2.265,0.512499999999999,2.0,1000.0,1.0,90.0
573,1150.0,-5.745,2.6275,2.1425,0.484999999999999,2.0,1000.0,1.0,90.0
574,1152.0,-5.8575,2.6950000000000003,2.195,0.499999999999999,2.0,1000.0,1.0,90.0
575,1154.0,-5.6025,2.4825,1.9825000000000002,0.499999999999999,2.0,1000.0,1.0,90.0
576,1156.0,-5.6875,2.5974999999999997,2.1025,0.495,2.0,1000.0,1.0,90.0
577,1158.0,-5.7475000000000005,2.5774999999999997,2.07,0.507499999999999,2.0,1000.0,1.0,90.0
578,1160.0,-5.6325,2.5475,2.0300000000000002,0.517499999999999,2.0,1000.0,1.0,90.0
579,1162.0,-5.865,2.7424999999999997,2.24,0.502499999999999,2.0,1000.0,1.0,90.0
580,1164.0,-5.9075,2.6325,2.12,0.5125,2.0,1000.0,1.0,90.0
581,1166.0,-6.0975,2.6500000000000004,2.1325,0.517499999999999,2.0,1000.0,1.0,90.0
582,1168.0,-5.942500000000001,2.5475,2.0175,0.53,2.0,1000.0,1.0,90.0
583,1170.0,-5.822500000000001,2.7424999999999997,2.24,0.502499999999999,2.0,1000.0,1.0,90.0
584,1172.0,-5.915,2.7024999999999997,2.1875,0.515,2.0,1000.0,1.0,90.0
585,1174.0,-6.100000000000001,2.7150000000000003,2.2125,0.5025000000000001,2.0,1000.0,1.0,90.0
586,1176.0,-5.805,2.6825,2.17,0.5125,2.0,1000.0,1.0,90.0
587,1178.0,-5.05,2.2325,1.7399999999999998,0.492499999999999,2.0,1000.0,1.0,90.0
588,1180.0,-5.7375,2.6525,2.1574999999999998,0.494999999999999,2.0,1000.0,1.0,90.0
589,1182.0,-6.125,2.745,2.2325,0.5125,2.0,1000.0,1.0,90.0
590,1184.0,-5.735,2.6075,2.1149999999999998,0.492499999999999,2.0,1000.0,1.0,90.0
591,1186.0,-5.425,2.49,2.007499999999999,0.48250000000000004,2.0,1000.0,1.0,90.0
592,1188.0,-5.98,2.66,2.1525,0.5075000000000001,2.0,1000.0,1.0,90.0
593,1190.0,-5.7125,2.6525,2.165,0.487499999999999,2.0,1000.0,1.0,90.0
594,1192.0,-5.6875,2.6475,2.165,0.482499999999999,2.0,1000.0,1.0,90.0
595,1194.0,-5.710000000000001,2.6425,2.17,0.47250000000000003,2.0,1000.0,1.0,90.0
596,1196.0,-5.2725,2.322499999999999,1.845,0.477499999999999,2.0,1000.0,1.0,90.0
597,1198.0,-6.315,2.6,2.12,0.479999999999999,2.0,1000.0,1.0,90.0
598,1200.0,-6.365,2.1425,1.6875,0.45499999999999996,2.0,1000.0,1.0,90.0
599,1202.0,-7.210000000000001,2.145,1.7175000000000002,0.42750000000000005,2.0,1000.0,1.0,90.0
600,1204.0,-7.63,2.1325,1.7249999999999999,0.40750000000000003,2.0,1000.0,1.0,90.0
601,1206.0,-7.825000000000001,1.8074999999999999,1.41,0.3975,2.0,1000.0,1.0,90.0
602,1208.0,-8.43,1.7449999999999999,1.3625,0.3825,2.0,1000.0,1.0,90.0
603,1210.0,-9.1875,1.52,1.185,0.335,2.0,1000.0,1.0,90.0
604,1212.0,-9.755,1.2125,0.9175,0.295,2.0,1000.0,1.0,90.0
605,1214.0,-10.700000000000001,1.0775,0.8275,0.25,2.0,1000.0,1.0,90.0
606,1216.0,-11.2625,0.8724999999999999,0.6375,0.234999999999999,2.0,1000.0,1.0,90.0
607,1218.0,-11.6,0.5725,0.3625,0.20999999999999902,2.0,1000.0,1.0,90.0
608,1220.0,-12.195,0.395,0.22249999999999898,0.17250000000000001,2.0,1000.0,1.0,90.0
609,1222.0,-12.5075,0.355,0.20500000000000002,0.149999999999999,2.0,1000.0,1.0,90.0
610,1224.0,-12.682500000000001,0.3825,0.24,0.14250000000000002,2.0,1000.0,1.0,90.0
611,1226.0,-12.460000000000003,0.0825,-0.02,0.10250000000000001,2.0,1000.0,1.0,90.0
612,1228.0,-12.592500000000001,0.48,0.395,0.08499999999999899,2.0,1000.0,1.0,90.0
613,1230.0,-12.5725,0.14250000000000002,0.057499999999999996,0.08499999999999899,2.0,1000.0,1.0,90.0
614,1232.0,-12.5075,0.11249999999999999,-0.0,0.11249999999999999,2.0,1000.0,1.0,90.0
615,1234.0,-12.640000000000002,-0.024999999999999,-0.13749999999999898,0.11249999999999999,2.0,1000.0,1.0,90.0
616,1236.0,-13.0075,0.199999999999999,0.1,0.09999999999999899,2.0,1000.0,1.0,90.0
617,1238.0,-12.4275,0.032499999999999,-0.05,0.0825,2.0,1000.0,1.0,90.0
618,1240.0,-12.39,0.0075,-0.067499999999999,0.074999999999999,2.0,1000.0,1.0,90.0
619,1242.0,-12.600000000000001,0.027499999999999997,-0.032499999999999,0.06,2.0,1000.0,1.0,90.0
620,1244.0,-12.61,0.10999999999999999,0.0775,0.032499999999999,2.0,1000.0,1.0,90.0
621,1246.0,-12.72,0.06,0.005,0.054999999999999,2.0,1000.0,1.0,90.0
622,1248.0,-12.400000000000002,-0.185,-0.244999999999999,0.059999999999999006,2.0,1000.0,1.0,90.0
623,1250.0,-12.889999999999999,0.10999999999999999,0.0475,0.062499999999999,2.0,1000.0,1.0,90.0
624,1252.0,-12.87,0.1225,0.0475,0.074999999999999,2.0,1000.0,1.0,90.0
625,1254.0,-12.6375,-0.04,-0.09499999999999899,0.054999999999999,2.0,1000.0,1.0,90.0
626,1256.0,-12.69,0.0675,0.02,0.0475,2.0,1000.0,1.0,90.0
627,1258.0,-12.515,-0.09,-0.139999999999999,0.049999999999999004,2.0,1000.0,1.0,90.0
628,1260.0,-13.040000000000001,0.1525,0.104999999999999,0.0475,2.0,1000.0,1.0,90.0
629,1262.0,-12.735000000000001,0.09,0.052499999999999,0.0375,2.0,1000.0,1.0,90.0
630,1264.0,-12.7325,0.005,-0.054999999999999,0.06,2.0,1000.0,1.0,90.0
631,1266.0,-12.8525,0.22499999999999998,0.157499999999999,0.0675,2.0,1000.0,1.0,90.0
632,1268.0,-12.682500000000001,0.0075,-0.044999999999999,0.052499999999999,2.0,1000.0,1.0,90.0
633,1270.0,-12.385000000000002,-0.064999999999999,-0.1225,0.057499999999999996,2.0,1000.0,1.0,90.0
634,1272.0,-12.742500000000001,0.027499999999999997,-0.024999999999999,0.052499999999999,2.0,1000.0,1.0,90.0
635,1274.0,-12.662500000000003,-0.03,-0.07,0.04,2.0,1000.0,1.0,90.0
636,1276.0,-12.480000000000002,-0.047499999999999,-0.09749999999999899,0.05,2.0,1000.0,1.0,90.0
637,1278.0,-12.800000000000002,0.015,-0.044999999999999,0.06,2.0,1000.0,1.0,90.0
638,1280.0,-13.185000000000002,0.159999999999999,0.11499999999999999,0.044999999999999,2.0,1000.0,1.0,90.0
639,1282.0000000000002,-12.5375,0.012499999999999001,-0.034999999999999,0.047499999999999,2.0,1000.0,1.0,90.0
640,1284.0,-12.640000000000002,0.027499999999999997,-0.047499999999999,0.074999999999999,2.0,1000.0,1.0,90.0
641,1286.0,-12.72,-0.002499999999999,-0.06,0.057499999999999996,2.0,1000.0,1.0,90.0
642,1288.0,-12.647500000000004,0.04,-0.024999999999999,0.064999999999999,2.0,1000.0,1.0,90.0
643,1290.0,-12.88,0.064999999999999,0.012499999999999001,0.052499999999999,2.0,1000.0,1.0,90.0
644,1292.0000000000002,-12.127500000000001,-0.22999999999999998,-0.27249999999999897,0.042499999999999,2.0,1000.0,1.0,90.0
645,1294.0,-12.6225,-0.004999999999999,-0.09,0.085,2.0,1000.0,1.0,90.0
646,1296.0,-12.7375,0.034999999999999,-0.0175,0.052499999999999,2.0,1000.0,1.0,90.0
647,1298.0,-12.2975,-0.139999999999999,-0.195,0.05499999999999999,2.0,1000.0,1.0,90.0
648,1300.0,-12.709999999999999,-0.06,-0.11249999999999999,0.052499999999999,2.0,1000.0,1.0,90.0
649,1302.0000000000002,-12.485,-0.02,-0.0825,0.0625,2.0,1000.0,1.0,90.0
650,1304.0,-12.4275,-0.0625,-0.104999999999999,0.042499999999999,2.0,1000.0,1.0,90.0
651,1306.0,-12.495000000000005,-0.05,-0.10250000000000001,0.052499999999999,2.0,1000.0,1.0,90.0
652,1308.0,-12.3825,-0.052499999999999,-0.11249999999999999,0.06,2.0,1000.0,1.0,90.0
653,1310.0,-12.370000000000001,-0.104999999999999,-0.159999999999999,0.054999999999999,2.0,1000.0,1.0,90.0
654,1312.0000000000002,-12.4025,-0.08,-0.13749999999999898,0.057499999999999,2.0,1000.0,1.0,90.0
655,1314.0,-12.629999999999999,0.027499999999999997,-0.022499999999999,0.05,2.0,1000.0,1.0,90.0
656,1316.0,-12.709999999999999,0.1225,0.0675,0.054999999999999,2.0,1000.0,1.0,90.0
657,1318.0,-12.075,-0.28499999999999903,-0.33499999999999897,0.05,2.0,1000.0,1.0,90.0
658,1320.0,-13.122499999999999,0.199999999999999,0.127499999999999,0.07250000000000001,2.0,1000.0,1.0,90.0
659,1322.0000000000002,-12.53,0.0075,-0.057499999999999,0.064999999999999,2.0,1000.0,1.0,90.0
660,1324.0,-12.807500000000005,0.03,-0.0175,0.0475,2.0,1000.0,1.0,90.0
661,1326.0,-12.66,0.074999999999999,0.022499999999999,0.052499999999999,2.0,1000.0,1.0,90.0
662,1328.0,-13.350000000000001,0.462499999999999,0.41750000000000004,0.044999999999999,2.0,1000.0,1.0,90.0
663,1330.0,-12.825,0.14250000000000002,0.087499999999999,0.05499999999999999,2.0,1000.0,1.0,90.0
664,1332.0000000000002,-12.0775,-0.09749999999999899,-0.157499999999999,0.06,2.0,1000.0,1.0,90.0
665,1334.0,-13.090000000000002,0.199999999999999,0.13,0.06999999999999901,2.0,1000.0,1.0,90.0
666,1336.0,-12.5675,0.02,-0.014999999999999,0.034999999999999,2.0,1000.0,1.0,90.0
667,1338.0,-12.74,0.08499999999999899,0.034999999999999,0.05,2.0,1000.0,1.0,90.0
668,1340.0,-12.780000000000003,0.08499999999999899,0.024999999999999,0.06,2.0,1000.0,1.0,90.0
669,1342.0000000000002,-12.960000000000004,0.087499999999999,0.03,0.057499999999999,2.0,1000.0,1.0,90.0
670,1344.0,-12.717500000000001,0.06,-0.002499999999999,0.0625,2.0,1000.0,1.0,90.0
671,1346.0,-12.175000000000002,-0.17500000000000002,-0.20999999999999902,0.034999999999999,2.0,1000.0,1.0,90.0
672,1348.0,-12.952500000000002,0.125,0.0825,0.042499999999999,2.0,1000.0,1.0,90.0
673,1350.0,-12.5725,-0.012499999999999001,-0.07,0.057499999999999996,2.0,1000.0,1.0,90.0
674,1352.0000000000002,-12.647500000000004,-0.0,-0.052499999999999,0.052499999999999,2.0,1000.0,1.0,90.0
675,1354.0,-12.657499999999999,0.074999999999999,0.02,0.054999999999999,2.0,1000.0,1.0,90.0
676,1356.0,-12.2425,-0.18249999999999902,-0.25,0.0675,2.0,1000.0,1.0,90.0
677,1358.0,-12.837500000000002,0.20750000000000002,0.13749999999999898,0.07,2.0,1000.0,1.0,90.0
678,1360.0,-12.5875,0.012499999999999001,-0.052499999999999,0.064999999999999,2.0,1000.0,1.0,90.0
679,1362.0000000000002,-12.775,0.002499999999999,-0.044999999999999,0.047499999999999,2.0,1000.0,1.0,90.0
680,1364.0,-12.7825,0.057499999999999996,0.01,0.0475,2.0,1000.0,1.0,90.0
681,1366.0,-12.9275,0.159999999999999,0.117499999999999,0.042499999999999,2.0,1000.0,1.0,90.0
682,1368.0,-12.5875,-0.10250000000000001,-0.149999999999999,0.047499999999999,2.0,1000.0,1.0,90.0
683,1370.0,-12.8475,-0.014999999999999,-0.0825,0.0675,2.0,1000.0,1.0,90.0
684,1372.0000000000002,-12.582500000000001,-0.002499999999999,-0.05,0.0475,2.0,1000.0,1.0,90.0
685,1374.0,-12.802500000000002,0.09499999999999899,0.0375,0.057499999999999,2.0,1000.0,1.0,90.0
686,1376.0,-12.612500000000002,-0.074999999999999,-0.1525,0.0775,2.0,1000.0,1.0,90.0
687,1378.0,-12.697500000000002,-0.014999999999999,-0.08,0.065,2.0,1000.0,1.0,90.0
688,1380.0,-12.725000000000001,-0.027499999999999997,-0.077499999999999,0.049999999999999004,2.0,1000.0,1.0,90.0
689,1382.0000000000002,-12.7025,0.06,0.0075,0.052499999999999,2.0,1000.0,1.0,90.0
690,1384.0,-12.620000000000003,-0.044999999999999,-0.1,0.05499999999999999,2.0,1000.0,1.0,90.0
691,1386.0,-12.762500000000001,-0.129999999999999,-0.17999999999999902,0.05,2.0,1000.0,1.0,90.0
692,1388.0,-12.585,-0.17500000000000002,-0.234999999999999,0.059999999999999006,2.0,1000.0,1.0,90.0
693,1390.0,-12.5425,0.002499999999999,-0.04,0.042499999999999,2.0,1000.0,1.0,90.0
694,1392.0000000000002,-12.829999999999998,0.04,-0.0175,0.057499999999999996,2.0,1000.0,1.0,90.0
695,1394.0,-12.715,0.03,-0.022499999999999,0.052499999999999,2.0,1000.0,1.0,90.0
696,1396.0,-13.0025,0.10999999999999999,0.04,0.07,2.0,1000.0,1.0,90.0
697,1398.0,-12.692499999999999,0.012499999999999001,-0.03,0.042499999999999,2.0,1000.0,1.0,90.0
698,1400.0,-12.792500000000002,0.0075,-0.034999999999999,0.042499999999999,2.0,1000.0,1.0,90.0
699,1402.0000000000002,-12.575000000000001,-0.004999999999999,-0.057499999999999,0.052499999999999,2.0,1000.0,1.0,90.0
700,1404.0,-12.7375,0.022499999999999,-0.032499999999999,0.054999999999999,2.0,1000.0,1.0,90.0
701,1406.0,-12.415000000000001,-0.074999999999999,-0.149999999999999,0.074999999999999,2.0,1000.0,1.0,90.0
702,1408.0,-12.445000000000002,-0.185,-0.244999999999999,0.059999999999999006,2.0,1000.0,1.0,90.0
703,1410.0,-12.472500000000002,-0.0925,-0.1325,0.04,2.0,1000.0,1.0,90.0
704,1412.0000000000002,-12.620000000000003,0.002499999999999,-0.044999999999999,0.047499999999999,2.0,1000.0,1.0,90.0
705,1414.0,-12.577499999999999,-0.042499999999999,-0.074999999999999,0.032499999999999,2.0,1000.0,1.0,90.0
706,1416.0,-12.74,-0.127499999999999,-0.195,0.0675,2.0,1000.0,1.0,90.0
707,1418.0,-12.635000000000002,-0.07,-0.119999999999999,0.049999999999999004,2.0,1000.0,1.0,90.0
708,1420.0,-12.717500000000001,0.032499999999999,-0.01,0.042499999999999,2.0,1000.0,1.0,90.0
709,1422.0000000000002,-12.61,0.022499999999999,-0.01,0.032499999999999,2.0,1000.0,1.0,90.0
710,1424.0,-12.787500000000005,-0.014999999999999,-0.067499999999999,0.052499999999999,2.0,1000.0,1.0,90.0
711,1426.0,-12.662500000000003,-0.022499999999999,-0.057499999999999,0.034999999999999,2.0,1000.0,1.0,90.0
712,1428.0,-12.430000000000001,-0.087499999999999,-0.127499999999999,0.04,2.0,1000.0,1.0,90.0
713,1430.0,-12.947500000000002,0.147499999999999,0.11249999999999999,0.034999999999999,2.0,1000.0,1.0,90.0
714,1432.0000000000002,-12.862499999999999,0.09499999999999899,0.057499999999999996,0.037499999999999,2.0,1000.0,1.0,90.0
715,1434.0,-12.317499999999999,-0.1625,-0.21499999999999997,0.052499999999999,2.0,1000.0,1.0,90.0
716,1436.0,-13.017500000000002,0.17999999999999902,0.09499999999999899,0.08499999999999899,2.0,1000.0,1.0,90.0
717,1438.0,-12.552500000000002,0.022499999999999,-0.057499999999999,0.07999999999999899,2.0,1000.0,1.0,90.0
718,1440.0,-12.415000000000001,-0.04,-0.10250000000000001,0.0625,2.0,1000.0,1.0,90.0
719,1442.0000000000002,-12.6525,0.015,-0.052499999999999,0.0675,2.0,1000.0,1.0,90.0
720,1444.0,-12.809999999999999,0.034999999999999,-0.012499999999999001,0.047499999999999,2.0,1000.0,1.0,90.0
721,1446.0,-12.3875,-0.11249999999999999,-0.155,0.042499999999999,2.0,1000.0,1.0,90.0
722,1448.0,-12.7375,0.027499999999999997,-0.034999999999999,0.0625,2.0,1000.0,1.0,90.0
723,1450.0,-12.7675,-0.01,-0.054999999999999,0.044999999999999,2.0,1000.0,1.0,90.0
724,1452.0000000000002,-12.657499999999999,-0.067499999999999,-0.109999999999999,0.042499999999999,2.0,1000.0,1.0,90.0
725,1454.0,-12.82,0.09749999999999899,0.057499999999999996,0.039999999999999,2.0,1000.0,1.0,90.0
726,1456.0,-12.6725,-0.087499999999999,-0.169999999999999,0.0825,2.0,1000.0,1.0,90.0
727,1458.0,-12.7,-0.0375,-0.1,0.0625,2.0,1000.0,1.0,90.0
728,1460.0,-12.835,-0.01,-0.08499999999999899,0.074999999999999,2.0,1000.0,1.0,90.0
729,1462.0000000000002,-12.47,-0.0075,-0.07250000000000001,0.064999999999999,2.0,1000.0,1.0,90.0
730,1464.0,-12.615,0.0075,-0.04,0.0475,2.0,1000.0,1.0,90.0
731,1466.0,-12.8125,0.034999999999999,-0.004999999999999,0.039999999999999,2.0,1000.0,1.0,90.0
732,1468.0,-13.0875,0.20999999999999902,0.1225,0.087499999999999,2.0,1000.0,1.0,90.0
733,1470.0,-12.7675,0.064999999999999,0.01,0.054999999999999,2.0,1000.0,1.0,90.0
734,1472.0000000000002,-12.77,0.034999999999999,-0.012499999999999001,0.047499999999999,2.0,1000.0,1.0,90.0
735,1474.0,-12.52,-0.07,-0.13749999999999898,0.067499999999999,2.0,1000.0,1.0,90.0
736,1476.0,-13.0875,0.3025,0.2475,0.054999999999999,2.0,1000.0,1.0,90.0
737,1478.0,-12.585,-0.03,-0.074999999999999,0.044999999999999,2.0,1000.0,1.0,90.0
738,1480.0,-12.487500000000002,-0.0375,-0.0825,0.044999999999999,2.0,1000.0,1.0,90.0
739,1482.0000000000002,-12.600000000000001,-0.012499999999999001,-0.104999999999999,0.0925,2.0,1000.0,1.0,90.0
740,1484.0,-12.640000000000002,0.034999999999999,-0.032499999999999,0.067499999999999,2.0,1000.0,1.0,90.0
741,1486.0,-12.88,0.022499999999999,-0.047499999999999,0.06999999999999901,2.0,1000.0,1.0,90.0
742,1488.0,-12.952500000000002,-0.0175,-0.067499999999999,0.049999999999999004,2.0,1000.0,1.0,90.0
743,1490.0,-12.370000000000001,-0.199999999999999,-0.27,0.07,2.0,1000.0,1.0,90.0
744,1492.0000000000002,-12.66,0.0475,-0.032499999999999,0.08,2.0,1000.0,1.0,90.0
745,1494.0,-12.525000000000002,-0.14500000000000002,-0.192499999999999,0.047499999999999,2.0,1000.0,1.0,90.0
746,1496.0,-13.0125,0.07,0.022499999999999,0.0475,2.0,1000.0,1.0,90.0
747,1498.0,-12.480000000000002,0.06,0.022499999999999,0.0375,2.0,1000.0,1.0,90.0
748,1500.0,-12.862499999999999,0.10250000000000001,0.015,0.087499999999999,2.0,1000.0,1.0,90.0
749,1502.0000000000002,-12.780000000000003,0.024999999999999,-0.05,0.074999999999999,2.0,1000.0,1.0,90.0
750,1504.0,-12.682500000000001,0.01,-0.05,0.06,2.0,1000.0,1.0,90.0
751,1506.0,-12.82,0.10250000000000001,0.054999999999999,0.0475,2.0,1000.0,1.0,90.0
752,1508.0,-12.69,0.13,0.09,0.04,2.0,1000.0,1.0,90.0
753,1510.0,-13.0,0.21249999999999902,0.14,0.072499999999999,2.0,1000.0,1.0,90.0
754,1512.0000000000002,-12.502500000000003,-0.109999999999999,-0.1625,0.052500000000000005,2.0,1000.0,1.0,90.0
755,1514.0,-12.915000000000001,0.03,-0.03,0.06,2.0,1000.0,1.0,90.0
756,1516.0,-12.965,0.21749999999999997,0.169999999999999,0.0475,2.0,1000.0,1.0,90.0
757,1518.0,-12.76,-0.004999999999999,-0.044999999999999,0.04,2.0,1000.0,1.0,90.0
758,1520.0,-12.717500000000001,-0.044999999999999,-0.104999999999999,0.06,2.0,1000.0,1.0,90.0
759,1522.0000000000002,-12.560000000000002,-0.09,-0.165,0.074999999999999,2.0,1000.0,1.0,90.0
